{
  "project_info": {
    "project_number": "677533976670",
    "project_id": "todo-e75d5",
    "storage_bucket": "todo-e75d5.appspot.com"
  },
  "client": [
    {
      "client_info": {
        "mobilesdk_app_id": "1:677533976670:android:ff0f514fb11e98bd858ccf",
        "android_client_info": {
          "package_name": "dev.robert.compose_todo"
        }
      },
      "oauth_client": [
        {
          "client_id": "677533976670-2lg5t6h4pm9s5u00jt9psg5pf22c3rp1.apps.googleusercontent.com",
          "client_type": 1,
          "android_info": {
            "package_name": "dev.robert.compose_todo",
            "certificate_hash": "3dbdda7dfdc3772b21462d026175ce1fcffa8ba6"
          }
        },
        {
          "client_id": "677533976670-lfdpgrrgvdjntr4lg2ljlrl44lp70m9a.apps.googleusercontent.com",
          "client_type": 1,
          "android_info": {
            "package_name": "dev.robert.compose_todo",
            "certificate_hash": "82ed59c61aa4e9854a690ca78c0ff883483598ec"
          }
        },
        {
          "client_id": "677533976670-or9og6lg8bng7lfe9fpf1cp80208qc0b.apps.googleusercontent.com",
          "client_type": 3
        }
      ],
      "api_key": [
        {
          "current_key": "AIzaSyAGix98WVQ_y9xovHXbBDFE8hQERvRAT-8"
        }
      ],
      "services": {
        "appinvite_service": {
          "other_platform_oauth_client": [
            {
              "client_id": "677533976670-or9og6lg8bng7lfe9fpf1cp80208qc0b.apps.googleusercontent.com",
              "client_type": 3
            }
          ]
        }
      }
    }
  ],
  "configuration_version": "1"
}